family,hour,algo,carbon_mean,carbon_std,latency_ms_mean,latency_ms_std,hops_mean,hops_std,reroute_pct_mean,reroute_pct_std,deltaC_pct_mean,deltaC_pct_std,deltaL_pct_mean,deltaL_pct_std,emissions_proxy_mean,emissions_proxy_std,deltaE_pct_mean,deltaE_pct_std
interdomain,0,baseline_latency,1806.8894668009027,314.1547580065801,24.85797780737115,0.3920177984735177,3.72939824120603,0.0613377523045045,0.0,0.0,0.0,0.0,0.0,0.0,4.429914521819631,0.7838996818676124,0.0,0.0
interdomain,1,baseline_latency,1900.8363227798218,329.1154412087849,24.85797780737115,0.3920177984735177,3.72939824120603,0.0613377523045045,0.0,0.0,0.0,0.0,0.0,0.0,4.664077831081223,0.8263771886282015,0.0,0.0
interdomain,2,baseline_latency,1987.9586833065532,346.0919023247026,24.85797780737115,0.3920177984735177,3.72939824120603,0.0613377523045045,0.0,0.0,0.0,0.0,0.0,0.0,4.877187923594051,0.8755831842639239,0.0,0.0
interdomain,3,baseline_latency,2065.788458883483,358.1902543096773,24.85797780737115,0.3920177984735177,3.72939824120603,0.0613377523045045,0.0,0.0,0.0,0.0,0.0,0.0,5.067877831153255,0.9071229053789417,0.0,0.0
interdomain,4,baseline_latency,2115.3537307042766,364.9208554288831,24.85797780737115,0.3920177984735177,3.72939824120603,0.0613377523045045,0.0,0.0,0.0,0.0,0.0,0.0,5.188470564840473,0.9150993010476394,0.0,0.0
interdomain,5,baseline_latency,2158.752111298528,372.9699574070088,24.85797780737115,0.3920177984735177,3.72939824120603,0.0613377523045045,0.0,0.0,0.0,0.0,0.0,0.0,5.2936072189081,0.9366534805332555,0.0,0.0
interdomain,6,baseline_latency,2169.579588232667,374.9970873729964,24.85797780737115,0.3920177984735177,3.72939824120603,0.0613377523045045,0.0,0.0,0.0,0.0,0.0,0.0,5.329540514892241,0.9529056505426909,0.0,0.0
interdomain,7,baseline_latency,2158.197894452193,373.33062173290625,24.85797780737115,0.3920177984735177,3.72939824120603,0.0613377523045045,0.0,0.0,0.0,0.0,0.0,0.0,5.293111268251279,0.942055374461518,0.0,0.0
interdomain,8,baseline_latency,2119.5714174836617,364.51799334382673,24.85797780737115,0.3920177984735177,3.72939824120603,0.0613377523045045,0.0,0.0,0.0,0.0,0.0,0.0,5.206523388584569,0.9216535759607551,0.0,0.0
interdomain,9,baseline_latency,2062.721878937529,355.19913087610064,24.85797780737115,0.3920177984735177,3.72939824120603,0.0613377523045045,0.0,0.0,0.0,0.0,0.0,0.0,5.061459637053811,0.9024211006075881,0.0,0.0
interdomain,10,baseline_latency,1981.2124618020073,340.2826696831968,24.85797780737115,0.3920177984735177,3.72939824120603,0.0613377523045045,0.0,0.0,0.0,0.0,0.0,0.0,4.8621440839950605,0.8581710984864656,0.0,0.0
interdomain,11,baseline_latency,1898.042728145871,326.20020127978955,24.85797780737115,0.3920177984735177,3.72939824120603,0.0613377523045045,0.0,0.0,0.0,0.0,0.0,0.0,4.660905699039082,0.8247076787970818,0.0,0.0
interdomain,12,baseline_latency,1807.9436701796617,316.44674450512167,24.85797780737115,0.3920177984735177,3.72939824120603,0.0613377523045045,0.0,0.0,0.0,0.0,0.0,0.0,4.434590654452153,0.7960477543035452,0.0,0.0
interdomain,13,baseline_latency,1717.1083138301735,296.86305696819556,24.85797780737115,0.3920177984735177,3.72939824120603,0.0613377523045045,0.0,0.0,0.0,0.0,0.0,0.0,4.211862924553624,0.7507981332540625,0.0,0.0
interdomain,14,baseline_latency,1629.3731532042978,285.3523195103644,24.85797780737115,0.3920177984735177,3.72939824120603,0.0613377523045045,0.0,0.0,0.0,0.0,0.0,0.0,3.9962108015038225,0.7220821896315991,0.0,0.0
interdomain,15,baseline_latency,1552.589011100686,267.9055449266877,24.85797780737115,0.3920177984735177,3.72939824120603,0.0613377523045045,0.0,0.0,0.0,0.0,0.0,0.0,3.806458788409804,0.6748850411548629,0.0,0.0
interdomain,16,baseline_latency,1493.2523294656733,258.99349928991535,24.85797780737115,0.3920177984735177,3.72939824120603,0.0613377523045045,0.0,0.0,0.0,0.0,0.0,0.0,3.659976324773875,0.6517456657952144,0.0,0.0
interdomain,17,baseline_latency,1459.1292684845325,252.22778270171472,24.85797780737115,0.3920177984735177,3.72939824120603,0.0613377523045045,0.0,0.0,0.0,0.0,0.0,0.0,3.579967502543197,0.6344632835388246,0.0,0.0
interdomain,18,baseline_latency,1444.7621906536322,250.4280359806355,24.85797780737115,0.3920177984735177,3.72939824120603,0.0613377523045045,0.0,0.0,0.0,0.0,0.0,0.0,3.5444568975970383,0.6328267329759965,0.0,0.0
interdomain,19,baseline_latency,1457.7106118212434,253.2060906549976,24.85797780737115,0.3920177984735177,3.72939824120603,0.0613377523045045,0.0,0.0,0.0,0.0,0.0,0.0,3.5777001811056492,0.6384184234122224,0.0,0.0
interdomain,20,baseline_latency,1494.7997665668302,258.6372743793237,24.85797780737115,0.3920177984735177,3.72939824120603,0.0613377523045045,0.0,0.0,0.0,0.0,0.0,0.0,3.6707761616884356,0.654574971763376,0.0,0.0
interdomain,21,baseline_latency,1554.2833022471045,268.1331553586934,24.85797780737115,0.3920177984735177,3.72939824120603,0.0613377523045045,0.0,0.0,0.0,0.0,0.0,0.0,3.814159822175706,0.6716552344584779,0.0,0.0
interdomain,22,baseline_latency,1625.7440185657686,281.3837941387381,24.85797780737115,0.3920177984735177,3.72939824120603,0.0613377523045045,0.0,0.0,0.0,0.0,0.0,0.0,3.990308444632091,0.7075518856158368,0.0,0.0
interdomain,23,baseline_latency,1712.5355528841642,298.7803345095383,24.85797780737115,0.3920177984735177,3.72939824120603,0.0613377523045045,0.0,0.0,0.0,0.0,0.0,0.0,4.204989389971837,0.7539061298701457,0.0,0.0
interdomain,0,ciro_core,1779.6867046851323,368.89642996485765,27.047510800170507,0.4980511313578356,4.034967336683417,0.08457717875068381,0.0,0.0,2.061046413078417,4.70560545205863,8.806960377753025,0.8933536173474165,3.6220704755099833,0.7126825061011798,18.466669060879546,3.631881866025306
interdomain,1,ciro_core,1871.0326350399446,382.4476394289794,27.052087651124868,0.5013836626969564,4.035968592964824,0.08508308766706783,0.22512562814070353,0.334580924954714,2.090512254252455,4.495376282239194,8.825363668412326,0.9197068410938386,3.809756356221615,0.7439120919212427,18.529352312272415,3.445256972770934
interdomain,2,ciro_core,1957.5343347866396,402.1018673755741,27.049917516592263,0.5021627302607772,4.035718592964824,0.0850488307000417,0.125,0.2680951323690902,2.0463093015212723,4.616081648547021,8.816521332665692,0.9134216115198149,3.985303734958618,0.7847430069448367,18.48535000743333,3.513061246193458
interdomain,3,ciro_core,2032.7512128538299,415.3921161987959,27.049858477440416,0.49932436675264114,4.035718592964824,0.08456242429971106,0.1,0.2,2.1121780282134752,4.558392936635486,8.816324836855207,0.8934004811936725,4.139463566143119,0.8147415322143972,18.531763655529442,3.4234915838618263
interdomain,4,ciro_core,2082.561936030787,427.3298837572119,27.046535816709177,0.5004328711376286,4.034968592964824,0.08470577898167045,0.1,0.2,2.09041179635415,4.663715044632517,8.802903773886216,0.8971333569957115,4.238408107449288,0.8285964833277031,18.53415535492798,3.5366222434872285
interdomain,5,ciro_core,2126.2422591250665,436.402720415613,27.04598640838738,0.5044090334114322,4.034967336683417,0.08526898126179956,0.15012562814070352,0.22932125842288903,2.047115725171659,4.533669802511784,8.800351812130616,0.8927413392813693,4.331459403722766,0.8525935458010364,18.41607500482649,3.4925816738068334
interdomain,6,ciro_core,2133.094810475259,433.03895682937537,27.044342267346945,0.5031868218293454,4.034718592964824,0.08518357112362693,0.3501256281407035,0.32021553414595,2.18249819104323,4.420868960543868,8.793916329002412,0.9018507181906561,4.354615167517461,0.8548697460552129,18.501529964206135,3.4012450770485287
interdomain,7,ciro_core,2123.665542498352,433.7543254052274,27.042762961513198,0.5050195235906306,4.034217336683417,0.08515537370272204,0.2501256281407035,0.33550426813457496,2.121507358667624,4.449027006605521,8.78727199388614,0.884302591647365,4.322688444045228,0.8478909411449154,18.55142518944377,3.3690409598931614
interdomain,8,ciro_core,2084.0321802681747,424.8502804660204,27.046961350988987,0.5045554734549162,4.034718592964824,0.08474220193843217,0.2001256281407035,0.2916773504243809,2.2046932516356206,4.548599738959801,8.804198704885467,0.8836087298216861,4.253556209467804,0.8343779541667996,18.530220358773438,3.5023722288742727
interdomain,9,ciro_core,2029.111365536451,413.51545951139354,27.043194575620475,0.5020314701561639,4.034218592964824,0.08438429582771212,0.25,0.2958039891549808,2.1521596601591364,4.555870487088083,8.789237497519384,0.8839358779954563,4.136178116383816,0.8120587934183139,18.48969528118836,3.539537488704305
interdomain,10,ciro_core,1952.652563962285,396.25964065555155,27.04586861606549,0.49966569150543366,4.034718592964824,0.08374807931752234,0.375,0.649519052838329,1.9540667534637595,4.514630011488123,8.800186626349342,0.8862079797465868,3.9786063439650463,0.7784733582199332,18.399311579072354,3.461257502603844
interdomain,11,ciro_core,1869.6131808937748,379.13368286934866,27.050346902552967,0.5011579352976723,4.035468592964824,0.08400803771024995,0.2,0.33166247903554,2.0072132696647094,4.508770573298435,8.818220127453893,0.9021945667722545,3.810665927988726,0.7431717120599611,18.45343305533383,3.461438887761005
interdomain,12,ciro_core,1780.4133750460242,366.98634174993634,27.04445041799652,0.5006172606009309,4.034218592964824,0.08408751026364641,0.3,0.33166247903553997,2.0455689212683885,4.5329075950803075,8.794538869203727,0.9019090342114473,3.6254052788346294,0.716976574143877,18.463357108284704,3.5504986817276833
interdomain,13,ciro_core,1690.6117065845442,345.17888618137806,27.050161809808504,0.5010575799596668,4.035218592964824,0.08438763058890324,0.45,0.5678908345800273,2.062296094737475,4.550337978237217,8.817210486222017,0.8686937227465952,3.4396406066838994,0.6788563905723461,18.56267873862439,3.4977598240643166
interdomain,14,ciro_core,1602.8343037361772,330.4534051025186,27.049704056957477,0.5035613308058052,4.035468592964824,0.08529273357049112,0.32525125628140705,0.363614349888119,2.150788197955114,4.473996123884404,8.815332897020348,0.8871450969817991,3.262169911045789,0.6469989594439155,18.584301492734852,3.379874539482785
interdomain,15,ciro_core,1528.3505810315237,310.6946503883793,27.047337992224744,0.5033053872946169,4.034968592964824,0.08495627694815494,0.325,0.4264680527307996,2.0632119223432963,4.52214010390784,8.80591509758148,0.8970455018807966,3.1110202072645974,0.6085502942543112,18.481784422709463,3.4638389726711996
interdomain,16,ciro_core,1470.521342483358,300.9443803361936,27.044732906004707,0.502758328100483,4.033718592964824,0.08464442081616283,0.42525125628140703,0.45515397854822504,2.0365535097829826,4.603475955073193,8.79535169643057,0.8825715628740353,2.9948288156337792,0.5904667987635865,18.397894593971756,3.603783477372871
interdomain,17,ciro_core,1437.6256182562665,295.9937088993304,27.046957324455935,0.5013034380195994,4.034468592964824,0.08433437961979932,0.25025125628140704,0.29644237869570966,2.0247585260921297,4.599088082118624,8.804513447464386,0.8953263220072337,2.926771107132961,0.575545791566363,18.476799564313904,3.5706057970155847
interdomain,18,ciro_core,1421.2345746569026,292.27093723997103,27.049335840967593,0.49843720744870457,4.034468592964824,0.08455641658594827,0.500251256281407,0.5479529685530201,2.167756539247339,4.625675549697005,8.814193501223155,0.8825391457110486,2.894524146712203,0.5711011647008962,18.559470120051014,3.534725195405141
interdomain,19,ciro_core,1433.4556944474248,293.91986028971917,27.044664717356035,0.49959811641459595,4.033468592964824,0.08435179175207883,0.675251256281407,0.6180934525195803,2.187071829954204,4.500721379962423,8.795323599374223,0.8836571343443239,2.922170981735428,0.5737538767226835,18.532274831202635,3.4789801461740626
interdomain,20,ciro_core,1468.5910428762095,299.4984968981708,27.044862035527284,0.495209925951149,4.033719849246231,0.08345044115566445,0.9751256281407035,0.8727863158485567,2.2599805196787477,4.5596851695365626,8.79631990778666,0.8688803277154563,2.995779133350163,0.5861675919048003,18.58758733358572,3.48297902356907
interdomain,21,ciro_core,1528.3079558221893,311.09825715402184,27.032512718020683,0.501473410991632,4.03171608040201,0.08393164806062772,1.1003768844221107,0.7844132879631588,2.1760065011138354,4.6520790933641365,8.746017653367455,0.8520589713272025,3.115429038424709,0.6047377188759374,18.52038591233701,3.6312114551446886
interdomain,22,ciro_core,1600.0090787735785,328.257465278484,27.03105982673847,0.49256988281539105,4.031221105527638,0.08207103628007847,1.5755025125628142,0.9393119468723007,2.1145063664983743,4.6370374490965895,8.741068267659763,0.8788576551167897,3.262755559307975,0.6409869378726325,18.457946322408606,3.5507488615804017
interdomain,23,ciro_core,1683.9677606936414,345.55873822198623,27.038241831406673,0.507660484313248,4.033468592964825,0.08549985246645794,2.2758793969849247,1.0554829302528534,2.185156727517902,4.457823573520893,8.769172693924562,0.918009376495922,3.433642197840083,0.6756574393229192,18.55506289695277,3.3774534559800617
interdomain,0,lowcarb_bgp,1623.0260517757486,338.4317544265603,26.307730306607617,0.6353982534995942,3.876158291457286,0.11006405712374327,0.0,0.0,10.723447618551642,4.1840077550747194,5.82856784299343,1.7311245919831737,4.012422118503476,0.8388413205235501,9.837981809070904,5.53798051724063
interdomain,1,lowcarb_bgp,1708.4439987731002,354.4441446809691,26.319671557546144,0.6240164244289351,3.8774095477386936,0.1090727751308297,8.477261306532665,2.5572146035279784,10.666710465505052,4.178750946287582,5.876925773719504,1.6847642682945787,4.207330640298636,0.865313386254768,10.167423122836478,5.1374287214183845
interdomain,2,lowcarb_bgp,1786.1502668906232,372.67688605317505,26.340312089226064,0.627744511796495,3.8801633165829146,0.11006989209442401,8.827763819095477,2.2790442620294113,10.698869918077474,4.222061513811575,5.9604034474981065,1.726482780458242,4.401431090684076,0.9149198324299666,10.11519485239475,5.329502376117305
interdomain,3,lowcarb_bgp,1854.1643313582451,385.0581809978881,26.32088845684383,0.628161356468282,3.8796595477386937,0.1087644924132707,9.153140703517588,2.5196686547879588,10.785046009190786,4.242006694460689,5.881445698112932,1.6806384619584225,4.571021581213664,0.9449485037793579,10.169376658726517,5.05833424208207
interdomain,4,lowcarb_bgp,1901.3826252645708,393.75829013597644,26.31296231651109,0.6431917300715542,3.8776620603015077,0.1118207984548678,9.453266331658291,2.5290104120587182,10.65933670628888,4.194044522868845,5.8496967033378535,1.7783321908401861,4.680472971284358,0.9675802862478923,10.187309438128553,5.2182756519375815
interdomain,5,lowcarb_bgp,1940.7075833126776,403.22522663020294,26.30933691372715,0.6425572288511742,3.876158291457286,0.11226796814113378,8.952261306532664,3.2669287239379323,10.653302879441483,4.209244700747888,5.835208734378175,1.782705858944293,4.783577470541547,0.9972828418512275,10.054210680353599,5.306832138246585
interdomain,6,lowcarb_bgp,1950.488500740556,403.6789288363472,26.311992779243518,0.6229765211895718,3.875408291457286,0.10669593060526977,9.076758793969848,3.650292423737236,10.63868679581244,4.169192469868304,5.846789108228682,1.7264721835436276,4.80942796768574,0.994932379409272,10.132045995632687,5.00513339707158
interdomain,7,lowcarb_bgp,1937.750163086986,401.71069828288756,26.32744465105901,0.6304683811110067,3.8776570351758792,0.11031734123456619,8.551633165829147,3.3114731914183433,10.755373384211824,4.151801803287544,5.9076033304577455,1.6880272554637912,4.775476665695934,0.9886411057377602,10.167450613670086,5.064961801875733
interdomain,8,lowcarb_bgp,1904.37879988915,395.2337078293713,26.314126803257956,0.6044600026702752,3.877909547738694,0.10846294633192408,9.177386934673367,3.7528035865500944,10.713471173580675,4.2909243033128215,5.855860896845124,1.644353384169784,4.701538476272327,0.9711996019021201,10.08347039283981,5.234215373799858
interdomain,9,lowcarb_bgp,1853.155898117139,383.65905013678463,26.297490853974875,0.6109226289025116,3.8751633165829147,0.1074337670916704,9.052763819095478,2.780903455659009,10.705098041879895,4.282512843494437,5.788331757007681,1.6436630000967636,4.570941432232523,0.9460350089905468,10.059624129418065,5.300109055161139
interdomain,10,lowcarb_bgp,1781.4918238990122,368.7725139089282,26.300772225803115,0.6225834918887806,3.8751608040201004,0.10708600940962125,8.702638190954774,3.2740845634185978,10.634886677186325,4.230683125739447,5.801595950698016,1.7167140526424298,4.403125368428897,0.9130593019532347,9.849436009727146,5.289635635931321
interdomain,11,lowcarb_bgp,1706.6158889087862,351.8511698273343,26.318758050276283,0.6343566730238545,3.8781582914572867,0.1112450605856704,9.25213567839196,2.95539898215685,10.622852493400888,4.19147883295788,5.873269204968878,1.7482779794771344,4.196938294066223,0.8527916884211618,10.292659320515444,5.013398926316504
interdomain,12,lowcarb_bgp,1623.5237209209167,339.8535526846401,26.308985882249175,0.6321599707084413,3.8761595477386934,0.11145663571132618,9.077638190954774,2.228121649551449,10.749158715852753,4.201928337400825,5.834545789331591,1.766434283339483,4.007067722242203,0.840350095604259,10.03670215960297,5.312063867125316
interdomain,13,lowcarb_bgp,1541.7253725443447,320.0543191057966,26.30539573736483,0.6314163411758583,3.8749095477386937,0.11129990122832097,8.827386934673367,2.963984752574582,10.759484405377743,4.204217869368166,5.819463422274825,1.7250516063628427,3.798092445291067,0.7836747718938211,10.189904435658764,5.0450743021407
interdomain,14,lowcarb_bgp,1463.9227191503448,306.95287945843364,26.321877977562917,0.6276372434228178,3.876908291457286,0.1091583562232076,9.103140703517587,2.6194549433561023,10.70920189996764,4.187427990521465,5.886488661211059,1.7492177611636868,3.610902429864862,0.7561722354957772,10.030383983926773,5.156158126302926
interdomain,15,lowcarb_bgp,1395.5325610545194,288.7996919232949,26.31987308342662,0.6420992692070983,3.879408291457286,0.11117443625252287,8.777386934673366,2.289201674593557,10.654380585721537,4.2291432474678965,5.877306121772323,1.7666514611216504,3.4375889835817426,0.7083735384492132,10.070024963402641,5.150238117918787
interdomain,16,lowcarb_bgp,1342.0571663629712,279.3120200883962,26.296750384073288,0.6483962752432427,3.8746595477386934,0.11549376730933726,9.12713567839196,3.470488735514313,10.671433018432456,4.250327617446433,5.784890165766905,1.834761143383752,3.303673402779699,0.68234297222142,10.09491400910134,5.309572185831924
interdomain,17,lowcarb_bgp,1311.6144640639645,273.2785272826541,26.296748975329507,0.625864590333641,3.8744082914572866,0.10895567075943835,9.077386934673367,2.561056841649151,10.672768251029165,4.222366733520682,5.784192524381919,1.6625051393465504,3.2281906062098935,0.668800956836016,10.22502494266315,5.1583045845123765
interdomain,18,lowcarb_bgp,1297.2375920117524,269.70916820441636,26.33343991248328,0.6387793404528004,3.8801595477386934,0.11189193564407457,8.92826633165829,2.6236802992252337,10.760771635932127,4.160416399267376,5.932505294003593,1.778234970074547,3.1947338018666156,0.6615243819428519,10.243380048265866,5.169486126651498
interdomain,19,lowcarb_bgp,1310.0552620929104,272.97051088097044,26.31440800686413,0.6182533811911325,3.874160804020101,0.10753713321135958,9.277763819095478,2.9277218636856976,10.679997298697964,4.203550571957664,5.855885971392862,1.6564319934125884,3.230045766854176,0.6660570831825877,10.080575271898363,5.1821709922745605
interdomain,20,lowcarb_bgp,1342.2445049774044,278.4229226727598,26.302525233324594,0.6360937184254059,3.8776595477386935,0.11239151658764633,8.901884422110552,2.925712065118093,10.744384709388411,4.231444934613852,5.8075571670115815,1.7303673447868537,3.3075489608957698,0.6792112084658336,10.23432409393246,5.172284482836267
interdomain,21,lowcarb_bgp,1395.483270229464,288.1100642855111,26.314907837125027,0.6250696657316197,3.8779095477386933,0.11056315266399487,8.852010050251256,3.146293006112289,10.74552653367964,4.2659403031084295,5.85826812806406,1.7190338984063964,3.4439685370239017,0.7040524498214835,10.058930614147442,5.262546937684479
interdomain,22,lowcarb_bgp,1461.238728221093,303.3455837788318,26.293524744364525,0.6356625844792215,3.8739108040201002,0.10915586526306197,9.27713567839196,2.740191847264375,10.665291210067132,4.250751501418276,5.771102815461352,1.712803789943167,3.608934740374393,0.751492539006993,9.966758412796048,5.193636105238507
interdomain,23,lowcarb_bgp,1539.7533077040114,320.6173731920301,26.30312674207097,0.629082726862128,3.8741595477386936,0.11129114895193618,8.977010050251256,2.798755467658489,10.629142962069611,4.188741508580159,5.810890102403872,1.743427752212961,3.792966481895506,0.7876440951601231,10.167161216234533,5.115445975429103
interdomain,0,carbon_optimal_as_path,1623.0260517757486,338.4317544265603,26.307730306607617,0.6353982534995942,3.876158291457286,0.11006405712374327,0.0,0.0,10.723447618551642,4.1840077550747194,5.82856784299343,1.7311245919831737,4.012422118503476,0.8388413205235501,9.837981809070904,5.53798051724063
interdomain,1,carbon_optimal_as_path,1708.4439987731002,354.4441446809691,26.319671557546144,0.6240164244289351,3.8774095477386936,0.1090727751308297,8.477261306532665,2.5572146035279784,10.666710465505052,4.178750946287582,5.876925773719504,1.6847642682945787,4.207330640298636,0.865313386254768,10.167423122836478,5.1374287214183845
interdomain,2,carbon_optimal_as_path,1786.1502668906232,372.67688605317505,26.340312089226064,0.627744511796495,3.8801633165829146,0.11006989209442401,8.827763819095477,2.2790442620294113,10.698869918077474,4.222061513811575,5.9604034474981065,1.726482780458242,4.401431090684076,0.9149198324299666,10.11519485239475,5.329502376117305
interdomain,3,carbon_optimal_as_path,1854.1643313582451,385.0581809978881,26.32088845684383,0.628161356468282,3.8796595477386937,0.1087644924132707,9.153140703517588,2.5196686547879588,10.785046009190786,4.242006694460689,5.881445698112932,1.6806384619584225,4.571021581213664,0.9449485037793579,10.169376658726517,5.05833424208207
interdomain,4,carbon_optimal_as_path,1901.3826252645708,393.75829013597644,26.31296231651109,0.6431917300715542,3.8776620603015077,0.1118207984548678,9.453266331658291,2.5290104120587182,10.65933670628888,4.194044522868845,5.8496967033378535,1.7783321908401861,4.680472971284358,0.9675802862478923,10.187309438128553,5.2182756519375815
interdomain,5,carbon_optimal_as_path,1940.7075833126776,403.22522663020294,26.30933691372715,0.6425572288511742,3.876158291457286,0.11226796814113378,8.952261306532664,3.2669287239379323,10.653302879441483,4.209244700747888,5.835208734378175,1.782705858944293,4.783577470541547,0.9972828418512275,10.054210680353599,5.306832138246585
interdomain,6,carbon_optimal_as_path,1950.488500740556,403.6789288363472,26.311992779243518,0.6229765211895718,3.875408291457286,0.10669593060526977,9.076758793969848,3.650292423737236,10.63868679581244,4.169192469868304,5.846789108228682,1.7264721835436276,4.80942796768574,0.994932379409272,10.132045995632687,5.00513339707158
interdomain,7,carbon_optimal_as_path,1937.750163086986,401.71069828288756,26.32744465105901,0.6304683811110067,3.8776570351758792,0.11031734123456619,8.551633165829147,3.3114731914183433,10.755373384211824,4.151801803287544,5.9076033304577455,1.6880272554637912,4.775476665695934,0.9886411057377602,10.167450613670086,5.064961801875733
interdomain,8,carbon_optimal_as_path,1904.37879988915,395.2337078293713,26.314126803257956,0.6044600026702752,3.877909547738694,0.10846294633192408,9.177386934673367,3.7528035865500944,10.713471173580675,4.2909243033128215,5.855860896845124,1.644353384169784,4.701538476272327,0.9711996019021201,10.08347039283981,5.234215373799858
interdomain,9,carbon_optimal_as_path,1853.155898117139,383.65905013678463,26.297490853974875,0.6109226289025116,3.8751633165829147,0.1074337670916704,9.052763819095478,2.780903455659009,10.705098041879895,4.282512843494437,5.788331757007681,1.6436630000967636,4.570941432232523,0.9460350089905468,10.059624129418065,5.300109055161139
interdomain,10,carbon_optimal_as_path,1781.4918238990122,368.7725139089282,26.300772225803115,0.6225834918887806,3.8751608040201004,0.10708600940962125,8.702638190954774,3.2740845634185978,10.634886677186325,4.230683125739447,5.801595950698016,1.7167140526424298,4.403125368428897,0.9130593019532347,9.849436009727146,5.289635635931321
interdomain,11,carbon_optimal_as_path,1706.6158889087862,351.8511698273343,26.318758050276283,0.6343566730238545,3.8781582914572867,0.1112450605856704,9.25213567839196,2.95539898215685,10.622852493400888,4.19147883295788,5.873269204968878,1.7482779794771344,4.196938294066223,0.8527916884211618,10.292659320515444,5.013398926316504
interdomain,12,carbon_optimal_as_path,1623.5237209209167,339.8535526846401,26.308985882249175,0.6321599707084413,3.8761595477386934,0.11145663571132618,9.077638190954774,2.228121649551449,10.749158715852753,4.201928337400825,5.834545789331591,1.766434283339483,4.007067722242203,0.840350095604259,10.03670215960297,5.312063867125316
interdomain,13,carbon_optimal_as_path,1541.7253725443447,320.0543191057966,26.30539573736483,0.6314163411758583,3.8749095477386937,0.11129990122832097,8.827386934673367,2.963984752574582,10.759484405377743,4.204217869368166,5.819463422274825,1.7250516063628427,3.798092445291067,0.7836747718938211,10.189904435658764,5.0450743021407
interdomain,14,carbon_optimal_as_path,1463.9227191503448,306.95287945843364,26.321877977562917,0.6276372434228178,3.876908291457286,0.1091583562232076,9.103140703517587,2.6194549433561023,10.70920189996764,4.187427990521465,5.886488661211059,1.7492177611636868,3.610902429864862,0.7561722354957772,10.030383983926773,5.156158126302926
interdomain,15,carbon_optimal_as_path,1395.5325610545194,288.7996919232949,26.31987308342662,0.6420992692070983,3.879408291457286,0.11117443625252287,8.777386934673366,2.289201674593557,10.654380585721537,4.2291432474678965,5.877306121772323,1.7666514611216504,3.4375889835817426,0.7083735384492132,10.070024963402641,5.150238117918787
interdomain,16,carbon_optimal_as_path,1342.0571663629712,279.3120200883962,26.296750384073288,0.6483962752432427,3.8746595477386934,0.11549376730933726,9.12713567839196,3.470488735514313,10.671433018432456,4.250327617446433,5.784890165766905,1.834761143383752,3.303673402779699,0.68234297222142,10.09491400910134,5.309572185831924
interdomain,17,carbon_optimal_as_path,1311.6144640639645,273.2785272826541,26.296748975329507,0.625864590333641,3.8744082914572866,0.10895567075943835,9.077386934673367,2.561056841649151,10.672768251029165,4.222366733520682,5.784192524381919,1.6625051393465504,3.2281906062098935,0.668800956836016,10.22502494266315,5.1583045845123765
interdomain,18,carbon_optimal_as_path,1297.2375920117524,269.70916820441636,26.33343991248328,0.6387793404528004,3.8801595477386934,0.11189193564407457,8.92826633165829,2.6236802992252337,10.760771635932127,4.160416399267376,5.932505294003593,1.778234970074547,3.1947338018666156,0.6615243819428519,10.243380048265866,5.169486126651498
interdomain,19,carbon_optimal_as_path,1310.0552620929104,272.97051088097044,26.31440800686413,0.6182533811911325,3.874160804020101,0.10753713321135958,9.277763819095478,2.9277218636856976,10.679997298697964,4.203550571957664,5.855885971392862,1.6564319934125884,3.230045766854176,0.6660570831825877,10.080575271898363,5.1821709922745605
interdomain,20,carbon_optimal_as_path,1342.2445049774044,278.4229226727598,26.302525233324594,0.6360937184254059,3.8776595477386935,0.11239151658764633,8.901884422110552,2.925712065118093,10.744384709388411,4.231444934613852,5.8075571670115815,1.7303673447868537,3.3075489608957698,0.6792112084658336,10.23432409393246,5.172284482836267
interdomain,21,carbon_optimal_as_path,1395.483270229464,288.1100642855111,26.314907837125027,0.6250696657316197,3.8779095477386933,0.11056315266399487,8.852010050251256,3.146293006112289,10.74552653367964,4.2659403031084295,5.85826812806406,1.7190338984063964,3.4439685370239017,0.7040524498214835,10.058930614147442,5.262546937684479
interdomain,22,carbon_optimal_as_path,1461.238728221093,303.3455837788318,26.293524744364525,0.6356625844792215,3.8739108040201002,0.10915586526306197,9.27713567839196,2.740191847264375,10.665291210067132,4.250751501418276,5.771102815461352,1.712803789943167,3.608934740374393,0.751492539006993,9.966758412796048,5.193636105238507
interdomain,23,carbon_optimal_as_path,1539.7533077040114,320.6173731920301,26.30312674207097,0.629082726862128,3.8741595477386936,0.11129114895193618,8.977010050251256,2.798755467658489,10.629142962069611,4.188741508580159,5.810890102403872,1.743427752212961,3.792966481895506,0.7876440951601231,10.167161216234533,5.115445975429103
ospf_metric,0,OSPF,1803.7925625355044,316.8400863659331,25.107899535732123,0.4224843658530685,3.716896984924623,0.06111356199040495,0.0,0.0,0.0,0.0,0.0,0.0,4.4183971278331695,0.7975045341021015,0.0,0.0
ospf_metric,1,OSPF,1897.0581693995541,332.5156407562109,25.107899535732123,0.4224843658530685,3.716896984924623,0.06111356199040495,0.0,0.0,0.0,0.0,0.0,0.0,4.649365745110472,0.8411075045698206,0.0,0.0
ospf_metric,2,OSPF,1984.2418223800826,349.0973379243062,25.107899535732123,0.4224843658530685,3.716896984924623,0.06111356199040495,0.0,0.0,0.0,0.0,0.0,0.0,4.862405323958219,0.8899666511910447,0.0,0.0
ospf_metric,3,OSPF,2061.5230400535743,361.845299641204,25.107899535732123,0.4224843658530685,3.716896984924623,0.06111356199040495,0.0,0.0,0.0,0.0,0.0,0.0,5.051868791441338,0.9235647611016008,0.0,0.0
ospf_metric,4,OSPF,2111.1104587867376,368.8066475955654,25.107899535732123,0.4224843658530685,3.716896984924623,0.06111356199040495,0.0,0.0,0.0,0.0,0.0,0.0,5.172112322515673,0.931518053151605,0.0,0.0
ospf_metric,5,OSPF,2153.982177482302,376.7527305187278,25.107899535732123,0.4224843658530685,3.716896984924623,0.06111356199040495,0.0,0.0,0.0,0.0,0.0,0.0,5.275560809577522,0.9520127304867408,0.0,0.0
ospf_metric,6,OSPF,2164.5883927888776,378.95227297671556,25.107899535732123,0.4224843658530685,3.716896984924623,0.06111356199040495,0.0,0.0,0.0,0.0,0.0,0.0,5.312228663959787,0.9706344955306625,0.0,0.0
ospf_metric,7,OSPF,2153.2672063494224,377.1509294033795,25.107899535732123,0.4224843658530685,3.716896984924623,0.06111356199040495,0.0,0.0,0.0,0.0,0.0,0.0,5.276661012051925,0.9598184511402639,0.0,0.0
ospf_metric,8,OSPF,2115.487164734489,368.3174493945978,25.107899535732123,0.4224843658530685,3.716896984924623,0.06111356199040495,0.0,0.0,0.0,0.0,0.0,0.0,5.190768027606234,0.9393191452826927,0.0,0.0
ospf_metric,9,OSPF,2058.9568234224453,359.1897406714805,25.107899535732123,0.4224843658530685,3.716896984924623,0.06111356199040495,0.0,0.0,0.0,0.0,0.0,0.0,5.047179812672139,0.9206239954995743,0.0,0.0
ospf_metric,10,OSPF,1977.8284829584852,343.8578309738324,25.107899535732123,0.4224843658530685,3.716896984924623,0.06111356199040495,0.0,0.0,0.0,0.0,0.0,0.0,4.8488036448590135,0.8741947873022206,0.0,0.0
ospf_metric,11,OSPF,1894.5052642154758,329.94840770561314,25.107899535732123,0.4224843658530685,3.716896984924623,0.06111356199040495,0.0,0.0,0.0,0.0,0.0,0.0,4.646711214874171,0.8416051029081765,0.0,0.0
ospf_metric,12,OSPF,1803.9625175798105,319.42084107192363,25.107899535732123,0.4224843658530685,3.716896984924623,0.06111356199040495,0.0,0.0,0.0,0.0,0.0,0.0,4.419658623183046,0.8097767504284901,0.0,0.0
ospf_metric,13,OSPF,1713.2925082625898,299.29458777457864,25.107899535732123,0.4224843658530685,3.716896984924623,0.06111356199040495,0.0,0.0,0.0,0.0,0.0,0.0,4.1986809145315975,0.762463989402654,0.0,0.0
ospf_metric,14,OSPF,1625.6603781664337,288.56306729920345,25.107899535732123,0.4224843658530685,3.716896984924623,0.06111356199040495,0.0,0.0,0.0,0.0,0.0,0.0,3.9834130538831345,0.7367656622844282,0.0,0.0
ospf_metric,15,OSPF,1549.5411632705404,271.07075765659914,25.107899535732123,0.4224843658530685,3.716896984924623,0.06111356199040495,0.0,0.0,0.0,0.0,0.0,0.0,3.795289138177978,0.6888323650504713,0.0,0.0
ospf_metric,16,OSPF,1490.0499526188855,261.25609286427965,25.107899535732123,0.4224843658530685,3.716896984924623,0.06111356199040495,0.0,0.0,0.0,0.0,0.0,0.0,3.6484634734026713,0.6634329923826071,0.0,0.0
ospf_metric,17,OSPF,1455.8821107220685,254.9451605427252,25.107899535732123,0.4224843658530685,3.716896984924623,0.06111356199040495,0.0,0.0,0.0,0.0,0.0,0.0,3.568100567885827,0.6463248900273363,0.0,0.0
ospf_metric,18,OSPF,1441.9144028047517,253.0035479235761,25.107899535732123,0.4224843658530685,3.716896984924623,0.06111356199040495,0.0,0.0,0.0,0.0,0.0,0.0,3.5344183704531114,0.6446777448767922,0.0,0.0
ospf_metric,19,OSPF,1454.4244456184847,255.49100994929918,25.107899535732123,0.4224843658530685,3.716896984924623,0.06111356199040495,0.0,0.0,0.0,0.0,0.0,0.0,3.5660089447972974,0.6497389320739021,0.0,0.0
ospf_metric,20,OSPF,1491.4648416232897,260.93706391055474,25.107899535732123,0.4224843658530685,3.716896984924623,0.06111356199040495,0.0,0.0,0.0,0.0,0.0,0.0,3.658371381546096,0.6651383297727764,0.0,0.0
ospf_metric,21,OSPF,1551.6187480063986,270.4980974351095,25.107899535732123,0.4224843658530685,3.716896984924623,0.06111356199040495,0.0,0.0,0.0,0.0,0.0,0.0,3.8044387553186825,0.6831289887744192,0.0,0.0
ospf_metric,22,OSPF,1622.7258075643401,284.85987872564937,25.107899535732123,0.4224843658530685,3.716896984924623,0.06111356199040495,0.0,0.0,0.0,0.0,0.0,0.0,3.977666142557408,0.7205773308939203,0.0,0.0
ospf_metric,23,OSPF,1709.025281332323,301.17029978117625,25.107899535732123,0.4224843658530685,3.716896984924623,0.06111356199040495,0.0,0.0,0.0,0.0,0.0,0.0,4.192243905852508,0.7658510787928243,0.0,0.0
ospf_metric,0,C,1542.0965349330145,351.68651649138224,30.164540571350614,2.5833065502256614,4.349219849246231,0.385047401308856,0.0,0.0,15.225699175175071,6.478682182384725,20.123592356136587,9.835905869416887,3.809995204369559,0.8595994713404589,14.252128684530959,7.776258012051844
ospf_metric,1,C,1623.9134463782452,369.53228192893295,30.09451379290173,2.563561039514373,4.33796608040201,0.38459473449326087,13.478517587939697,3.140987673075149,15.119044883608748,6.494717564047514,19.844907417885956,9.763478707631268,4.0043523543483746,0.8953927176820567,14.327104508143085,7.681854622144589
ospf_metric,2,C,1697.2394421712877,388.1914403301184,30.12555909285253,2.593091462096423,4.345471105527638,0.39415273393947853,13.278517587939698,2.3382067054873312,15.187360534983686,6.541313373461097,19.97178519859342,9.921292899061706,4.19493811292951,0.9419113336527367,14.16101739921545,7.688768877155946
ospf_metric,3,C,1761.1514704532485,400.7186105776944,30.10440417262575,2.5401075283015495,4.342469849246231,0.3847098344460761,13.20427135678392,3.002966692596593,15.27759633018531,6.575345508125753,19.88601131689878,9.68849689556204,4.34306296818596,0.9694313404332094,14.45601197150153,7.431851557958161
ospf_metric,4,C,1807.9688778097886,410.34330433002714,30.131076570520133,2.5500670983260023,4.342972361809045,0.38451405008728545,13.554522613065327,3.0599248165324653,15.074737796875999,6.480336997460242,19.99357555219249,9.746764001569037,4.4572195962254755,0.9958930865484831,14.288252437860573,7.543325302203892
ospf_metric,5,C,1843.9251596331753,421.3985212989875,30.17799240568457,2.637042089733534,4.348722361809045,0.39292500563558364,14.05389447236181,3.1239529671929773,15.131409298381119,6.539400088475773,20.174572340869656,10.02985368584849,4.546447999800667,1.024322536553246,14.314620721664516,7.655559287161921
ospf_metric,6,C,1853.4680520957234,420.8961373456005,30.126089686696652,2.6277996136484933,4.344469849246231,0.39303979101681596,13.653140703517588,3.1536429408325013,15.086782732534592,6.513589586474761,19.968731908893865,9.998955185204789,4.565215808404052,1.0236318653086551,14.499248902923531,7.573560104958362
ospf_metric,7,C,1840.6741344119466,417.9306653149388,30.18814234854441,2.6062905703381394,4.346959798994975,0.3911480468127008,12.653015075376885,3.0820047249997993,15.220527322581002,6.49350351561958,20.2118800803747,9.87152149403238,4.550133574170329,1.0197944970085755,14.23692034479468,7.429735591185525
ospf_metric,8,C,1810.6280674990805,412.0448778209529,30.184843204834113,2.5298294035406,4.351466080402011,0.3796291290576734,12.879396984924622,3.2500637603906917,15.14559267160366,6.5742863913285845,20.206237715527962,9.645123611482166,4.46611893240018,1.0033128105435583,14.429253193900141,7.651186414880487
ospf_metric,9,C,1760.7862898303047,399.2150872942321,30.161299137365972,2.5747666267631035,4.3472198492462315,0.38319953112143557,14.52889447236181,3.06508684909418,15.186199299351305,6.618214723510977,20.10874663498577,9.782473730810562,4.351501353757498,0.9773793154054593,14.21021808352028,7.857310966385561
ospf_metric,10,C,1694.0479898846638,383.80306746463884,30.18215063714485,2.598590368191843,4.35122487437186,0.38787224104599655,13.478517587939697,3.113005551297659,15.065941197414148,6.493848318979148,20.194282421029598,9.908328604513626,4.187054653899763,0.9379321113241506,14.12863139726779,7.525730126985696
ospf_metric,11,C,1621.7032629502457,366.8903928188013,30.129612637947343,2.596806623315687,4.344469849246232,0.3922534605615894,12.603266331658292,2.1835328655310344,15.099550182489356,6.520465405217289,19.983485320152358,9.885042343085022,3.994989816894629,0.8888794059492096,14.460137331870726,7.5015638997622505
ospf_metric,12,C,1542.7011873655078,353.11507468170794,30.139971530589058,2.596047289386924,4.349721105527638,0.3894458380506594,12.65288944723618,1.9547411338993372,15.193807992942453,6.556696492307564,20.027235178601565,9.912902506723782,3.819008273480371,0.8707759404191696,14.073335491581181,7.787398420634452
ospf_metric,13,C,1464.2007440026177,334.49592018075606,30.163068956013102,2.582372276519918,4.350469849246231,0.39310067302357493,13.527638190954775,2.2407691058434334,15.270739712554283,6.583355741535906,20.124679902052375,9.928253552472805,3.608531721805533,0.8113325147563567,14.529361160892446,7.497733297672519
ospf_metric,14,C,1390.519451336951,318.72974438266476,30.17158670978545,2.6169365284057857,4.3497248743718595,0.3923471676935608,13.85389447236181,2.527971505017122,15.185662692895885,6.468812992826534,20.15295634141524,9.992148381742176,3.426123093406551,0.7755471729346282,14.446787390714693,7.495960255609755
ospf_metric,15,C,1325.9834463323411,300.76399273818186,30.198950236488276,2.580042144939021,4.354222361809045,0.39113471346049544,12.427889447236181,2.121718207447527,15.13391227666103,6.507990512293295,20.264856008390147,9.878917527352595,3.270954304944779,0.7257434947692276,14.238604255991191,7.441213818854861
ospf_metric,16,C,1275.1500924230063,291.1763407515505,30.138569309248744,2.547671252572905,4.343467336683417,0.38431914138090595,12.603266331658292,2.831574787084772,15.148818347517189,6.586025768529593,20.02019219858572,9.696277008808883,3.1446579989156818,0.7023628445128723,14.24972231952834,7.513280821611274
ospf_metric,17,C,1246.3527585084066,284.9985309603224,30.16150818233114,2.5734461393065664,4.348969849246231,0.38852258451642974,13.628266331658292,2.5383054967743095,15.133150024520763,6.513769912592013,20.10965950324887,9.7687811955052,3.0762260182392747,0.6900723758317461,14.24509530735259,7.641620239989688
ospf_metric,18,C,1232.547670306307,280.7952463655936,30.114756335610156,2.5242036970391792,4.343973618090453,0.38337019208445483,13.629020100502512,3.720386746070883,15.240286733648963,6.4778609378289325,19.92596837227091,9.603020576078418,3.036289388789402,0.6828990379949244,14.542900999049015,7.656012827033028
ospf_metric,19,C,1245.4740518850083,284.1209590079802,30.077557373984185,2.572097432070409,4.3407223618090445,0.3864396690851859,13.379020100502512,2.7144589867211377,15.089111656449404,6.501559865825904,19.77660798946554,9.784618345784928,3.0739882589349823,0.6890023736428438,14.2462260634253,7.638450709136198
ospf_metric,20,C,1275.0210107573787,290.02668130002223,30.157796324133546,2.676141424430006,4.349964824120603,0.400536510035373,14.02889447236181,2.9704632407844906,15.223841231210681,6.5647236276596725,20.094289790026703,10.191601493096455,3.1429318424052695,0.6976273642194746,14.506650792433973,7.515336584958603
ospf_metric,21,C,1325.091265199369,300.1351302519476,30.189714312099067,2.6134598371192057,4.3519761306532665,0.39341117170353523,13.72889447236181,2.4951930883739206,15.296788309046372,6.640329535454451,20.224948335147264,9.977305048434554,3.2711853863591456,0.7290318806416388,14.461985734038796,7.7773388369501895
ospf_metric,22,C,1389.8570565366,315.9962141165175,30.138885794463185,2.640696840391263,4.346219849246231,0.390759286966005,13.503266331658292,2.597486550084378,15.058453735303837,6.565308992921947,20.020464527852244,10.060987501656642,3.4282873154621782,0.7666164533364889,14.282675838314955,7.428596076035029
ospf_metric,23,C,1463.2392009084965,333.0922582982356,30.126673456281043,2.5726655916511074,4.34171608040201,0.38849459674096737,13.402763819095478,3.2174335740719755,15.08749336414831,6.533507304633772,19.97157198123696,9.782446452741787,3.6122302166450964,0.807859230403489,14.267836875072442,7.542744851319411
ospf_metric,0,C+IncD,1739.8964068565062,357.30260535384247,27.214543771394517,0.7017382005782388,3.9679597989949746,0.09954306687852114,0.0,0.0,4.018530455717756,4.792957095652432,8.386876225622476,1.9284401465397716,3.488683273132289,0.65035350383012,21.009604904080938,4.406430874349426
ospf_metric,1,C+IncD,1832.0846846131212,376.69640497267056,27.23843406539991,0.6663396118576402,3.969954773869347,0.09983038967093615,10.251005025125627,4.8218208570377445,3.9129319610590123,4.902121202948689,8.47996199625349,1.5902125993301122,3.6723851528792886,0.6795128405152235,20.970959951466476,4.138530013311054
ospf_metric,2,C+IncD,1916.9894436521495,398.3397238139787,27.335704885773783,0.6302127215583988,3.983968592964824,0.0962204005151904,10.327763819095477,3.4220974987575605,3.8969385662389406,5.170624899824265,8.872308984694833,1.6797631108683195,3.8194538723871774,0.7126245119843969,21.385547669408375,4.280724077061734
ospf_metric,3,C+IncD,1989.865109570544,408.02600289551316,27.385626672123852,0.6655022622091133,3.992706030150754,0.1034334381040644,9.902763819095478,3.401650413730651,3.941613326766028,4.968464817641363,9.069988853567866,1.8090642252867346,3.9558017451895884,0.7390546913394481,21.652591391961973,4.159722197083376
ospf_metric,4,C+IncD,2051.903312286856,419.44883411533635,27.439955735833784,0.6358125060948583,4.001963567839196,0.10166974119186523,10.377638190954773,4.404278236977934,3.2847510898264938,4.870445876766445,9.28606107526966,1.6086586944082983,4.046046747841023,0.7533264479932508,21.758336736040494,4.152107574391586
ospf_metric,5,C+IncD,2087.8382787111686,432.9331749242162,27.487816434982015,0.6507953232732787,4.0047173366834175,0.09928499652400577,10.45251256281407,4.454812974742412,3.588225918141351,5.011734667773362,9.47845024800802,1.8054425557762739,4.1255335942409594,0.7735394232825873,21.79640092804366,4.1511271612648
ospf_metric,6,C+IncD,2096.922354011723,425.9422849845529,27.48749454942581,0.7273070919489577,4.00570351758794,0.11191944242122988,9.752638190954773,3.723786987384069,3.574051530990375,4.774148097617052,9.469597723806618,1.822774618164249,4.143562012632249,0.7704984189124207,21.941551390276498,4.173153300852683
ospf_metric,7,C+IncD,2079.7310972829296,426.301854733756,27.48917779281556,0.7291573097265683,4.0054572864321605,0.10738844037809764,10.302386934673367,4.889405808092449,3.8802451442610804,4.96538108663879,9.478218159104502,1.9377638932284569,4.114209571918503,0.7659949672860124,21.98306557866228,4.09378850220899
ospf_metric,8,C+IncD,2044.9677962396174,422.4549381848885,27.477519678623583,0.6328259698416101,4.004969849246232,0.1012549009220459,9.777763819095478,4.493750270320746,3.8544746013158275,5.075847907620103,9.438452040099214,1.7646629028498801,4.0526969025117445,0.7474290473809628,21.86559299617364,4.174817308044262
ospf_metric,9,C+IncD,1993.129081836071,408.3331078697848,27.40371319887074,0.7264134073613006,3.997458542713568,0.11174639266444275,11.477763819095477,4.187409044634063,3.6738283819629296,4.989648871136296,9.137224345960535,1.896603143433466,3.948291609491765,0.7379546355307712,21.723102057422544,4.338872450385799
ospf_metric,10,C+IncD,1913.9977645516635,394.6474861066786,27.297600005154358,0.6531766801064176,3.9779660804020103,0.09799840656556183,12.553391959798995,4.441752281031932,3.7470254968406413,4.985103165230044,8.719094600293019,1.7302985811783453,3.8245218408035107,0.7022493631331445,21.076345813330725,3.9258760027103956
ospf_metric,11,C+IncD,1826.719052822023,376.18418420778085,27.27616596386966,0.6987616899450809,3.97571608040201,0.10093672548283997,11.603140703517587,5.571879456941327,4.086029431452738,4.87054193061022,8.63295251748875,1.9521102786189548,3.6627060986894215,0.6649299795870056,21.079130637324297,4.139247836966854
ospf_metric,12,C+IncD,1738.9812778450384,361.46389991547954,27.215510398699518,0.6735353888512174,3.9639585427135677,0.09852526901929705,10.45251256281407,3.0651849275261247,4.10646823786579,4.9473130612697345,8.39017688727302,1.7340526013975597,3.4972854645454587,0.6521347362884842,20.812252672818573,4.262682094952732
ospf_metric,13,C+IncD,1649.8359099492368,336.2619761029359,27.096496824406028,0.6845954271237358,3.9522047738693464,0.09756120475994934,11.377889447236182,4.189004176532929,4.184735941622044,4.373005230679912,7.9170214199513085,1.8629716643831422,3.3360869202066064,0.6170940413080784,20.50347302613877,3.9737642519814336
ospf_metric,14,C+IncD,1564.528559951733,322.44444431311,27.02039084871335,0.6881234869391275,3.9439522613065328,0.09599133956000137,9.828894472361808,4.251630914448136,4.238627375924282,4.3656940307995145,7.614843310494234,1.9421309406098821,3.1746046603142317,0.5824845991135612,20.193422818069575,3.95574414080531
ospf_metric,15,C+IncD,1495.8726604958968,303.8286192643752,26.914774824839395,0.6868799216066876,3.9271909547738693,0.0972646591332908,9.253643216080402,5.585786064314402,3.9220680421889496,4.422526705843852,7.193089864310158,1.8839545601872862,3.048971387452853,0.5465394293643261,19.544357443365946,3.901337469036698
ospf_metric,16,C+IncD,1432.8642184760795,292.1700219961546,26.86313709119448,0.600645473361112,3.9194434673366834,0.08881806495638653,8.653768844221105,4.272076099644824,4.304606924515847,4.411575672563257,6.989981798322473,1.5192672940547483,2.938581906943899,0.5357294279014011,19.37721569992407,3.8989686693513326
ospf_metric,17,C+IncD,1401.2605998850809,286.1719741559796,26.77458925996994,0.6470917067109138,3.905933417085427,0.09421706633720699,7.3777638190954775,2.914113557098637,4.231673719222892,4.452702046843608,6.632559861406423,1.4977790016632895,2.885563212360295,0.523037564765227,19.034911358733858,4.0091896094676205
ospf_metric,18,C+IncD,1384.2418586090268,284.8268269980371,26.795270778279917,0.6742111829514588,3.9119346733668343,0.09430563846144117,8.226130653266331,4.257754798285735,4.497849738785762,4.540998230393836,6.7153203158039485,1.698935335312804,2.8522260140982785,0.5165012831414564,19.18994578831855,4.011129742145086
ospf_metric,19,C+IncD,1398.8964531728948,285.19116276000887,26.791367440801544,0.6886698411798505,3.908929648241206,0.09721464397328962,7.125879396984925,4.4034661421772485,4.281742631724557,4.39443554435948,6.698692561799989,1.7261414293773996,2.8774147472108007,0.5218432129436048,19.192305812007497,4.173110977481237
ospf_metric,20,C+IncD,1433.8188270185524,290.99157072660483,26.881591753735943,0.7011123767130045,3.9196834170854276,0.09921377988636668,7.251256281407035,3.111571422976635,4.32226105426396,4.329501451613499,7.0586662161115985,1.835681292378586,2.9411702021172714,0.5340289485580367,19.505997020971826,4.020958384224188
ospf_metric,21,C+IncD,1493.0103807883183,302.46618373540537,26.922708684428876,0.6608265268457897,3.9271934673366835,0.0948338674676843,8.803768844221105,5.308672484519101,4.232703881251867,4.490428939810501,7.22277103159953,1.600793112154859,3.045378651428729,0.5453948781261339,19.850551659424273,4.016051031500388
ospf_metric,22,C+IncD,1563.344760513856,320.02369586795515,26.97964051177659,0.65592711928409,3.9331997487437187,0.09273148029868493,7.753015075376885,3.0022159921655467,4.146315782068726,4.354908190070577,7.45303628946958,1.788615244591449,3.18401766092872,0.5736910514303469,19.848307173560375,3.8824099711955435
ospf_metric,23,C+IncD,1647.2152268074947,338.13133354481675,27.12362804270824,0.6648189357954145,3.9521997487437184,0.09410917588696696,9.703015075376886,2.8016141900063087,4.097981446876128,4.4796872539227515,8.023781607829719,1.6632564097507094,3.3272477443649735,0.6111054642700152,20.556189188867016,4.035247259057016
ospf_metric,0,CE,1807.6844845326098,442.0663406203883,33.680325575293516,1.4496638221286753,4.852912060301508,0.20722415508817701,0.0,0.0,0.9157622354175226,9.333628961385674,34.13756516293482,5.148787954076898,4.4330161230856495,1.1003018002236045,0.7046081876478831,10.76084368135838
ospf_metric,1,CE,1901.9892915565572,465.0235278818815,33.6525286688627,1.4927021855609033,4.847399497487437,0.20982418987825052,11.103643216080403,2.2671625563226594,0.8719037688804636,9.523296648779816,34.01879990575757,5.135898839985587,4.663570707967287,1.153406780316073,0.7193318801072505,10.613389932780146
ospf_metric,2,CE,1990.5488987689423,490.8490361191417,33.67541489758627,1.5286674943229979,4.850396984924624,0.21505492899322415,10.877763819095478,2.4592094441095758,0.8392043967462104,9.67876201417326,34.108529849208644,5.261447964937705,4.888618600991852,1.2232197808013416,0.4951017559345017,10.939564507801
ospf_metric,3,CE,2064.1298013723635,504.72255241773,33.66453048016168,1.4575296005428373,4.853154522613066,0.2126332544634116,10.577386934673367,1.9044294006704015,1.005271381019265,9.517711574660662,34.072236121941,5.126046834205984,5.073873308665634,1.263404205825,0.5887684301684009,10.849642291305514
ospf_metric,4,CE,2117.3411735159416,515.018568783903,33.65864893261827,1.476267622712384,4.849899497487437,0.20820769239061993,11.352386934673365,1.9984435427087017,0.8224662817471874,9.44139282108003,34.04843792376533,5.197315587249242,5.183805259347144,1.2791212787513986,0.7942484355180315,10.691746677234361
ospf_metric,5,CE,2164.401414475961,532.8048110202516,33.684017179927054,1.471607790408831,4.856154522613066,0.2087881073433627,11.00213567839196,2.177018206024443,0.6767537412100568,9.765844047907722,34.14659232406348,5.095160224381744,5.312273875826344,1.3255726411527715,0.3554832905721034,11.094863408179835
ospf_metric,6,CE,2171.322896677625,529.8090193640031,33.663378032791485,1.5495560505486028,4.85064824120603,0.2167439361673273,10.877386934673366,1.6927549088198814,0.8146278834922203,9.537405875116084,34.05896404716473,5.305822761433141,5.331032822359627,1.3278901257766842,0.6816603515807773,10.663424391723073
ospf_metric,7,CE,2156.9551194036303,525.4845170139795,33.63928137161635,1.5762896211567292,4.847649497487437,0.22491371325315068,10.953015075376886,1.5013342003706218,0.9478401108359087,9.338066480301357,33.96674326508948,5.52246745625814,5.283484483373862,1.3010836676743742,0.8742280669857794,10.368051589087175
ospf_metric,8,CE,2125.488324626508,519.2179921341758,33.76273193862694,1.4811109294986893,4.865403266331659,0.21430910236965767,10.92751256281407,2.253296852449754,0.6780554670559893,9.673379804968107,34.461293359289286,5.171978523143238,5.20136286293845,1.2825658332296956,0.8007641542954236,10.659918351315385
ospf_metric,9,CE,2059.497621585194,503.11024320416016,33.60113285233521,1.5185328754192335,4.843388190954774,0.2179105351814932,11.228266331658292,2.235771273389671,1.1052173234382334,9.615606732586269,33.81736287604264,5.346940525996057,5.046828890700473,1.2487554376560743,0.997940421399368,10.70902781335511
ospf_metric,10,CE,1984.4835189321116,482.30150428196873,33.64215184241416,1.502227975861289,4.8499020100502515,0.2171801501391281,11.303140703517588,2.0537100829463086,0.7942643134375323,9.529243603108382,33.98036345904458,5.243384929736448,4.862593603158912,1.2047233581471368,0.7662346418767794,10.692289672111611
ospf_metric,11,CE,1901.6141176201454,463.16799898969475,33.67946241299476,1.4650027531753214,4.852641959798995,0.2071412706697629,10.427261306532664,2.230589032748832,0.7411147149028257,9.582480385594744,34.12872737936868,5.08755285293126,4.661842737395204,1.1517180793028896,0.6779809159993231,10.752463071299106
ospf_metric,12,CE,1810.7965033861462,446.76760505451887,33.680107784542614,1.4555138453229655,4.855652010050251,0.20303086464593573,10.476758793969848,2.329100718233947,0.7742691428308749,9.678972493227587,34.12954730959991,4.986332445044782,4.439878896399261,1.1127827044787406,0.5927822239493328,10.939251620334318
ospf_metric,13,CE,1716.2535432309433,423.07043480090204,33.635201054319126,1.4649960126580703,4.84639824120603,0.2072658472000576,10.602010050251256,2.9588214722135073,1.0014961512143778,9.687950926240738,33.9523413954962,5.070668747086696,4.2179038703611305,1.0581857179651557,0.6345906808557499,10.79983408979944
ospf_metric,14,CE,1628.9342387004158,399.680729799707,33.63145614577797,1.5614394012366806,4.848143216080402,0.2213125879053528,10.77751256281407,2.0268449556155472,0.9291742906456134,9.296367397076763,33.933797492647685,5.426000712158546,3.987106180693762,0.9916538437551079,0.931187831958954,10.34877620468195
ospf_metric,15,CE,1555.195762236663,379.691125165452,33.684579683262044,1.499445902386561,4.856402010050251,0.21454309936187868,10.752010050251256,2.092013740240807,0.768883614025511,9.460247036152195,34.14941648700761,5.2311005376037,3.8108097481061,0.9396535246936747,0.5980452488178905,10.53399678514824
ospf_metric,16,CE,1492.9031218796224,365.34951092799264,33.63094708566029,1.449003778845612,4.850145728643216,0.20917507029417948,11.827889447236181,2.1047934550681604,0.9385566428248108,9.637408290652068,33.936168650707366,5.0308778576048745,3.657577272866873,0.908441989931624,0.76865751574972,10.800623704780136
ospf_metric,17,CE,1459.508401334227,359.0371875733079,33.59805071141616,1.5222847621261417,4.842400753768844,0.21107718755534086,11.703768844221106,1.9710769268112782,0.9242626826577309,9.579196780162942,33.80209642418429,5.27393336507437,3.5786728687437646,0.89012891824185,0.7468893439430622,10.762041504079475
ospf_metric,18,CE,1448.5449423838534,354.4686929068972,33.704776091734445,1.5258920985086,4.853645728643216,0.21885141062390345,11.078266331658291,1.8151179263100123,0.6867785392804999,9.460025822538308,34.22729427959066,5.290242798673171,3.5536019571234574,0.884868433222788,0.4998831214435321,10.774039769163277
ospf_metric,19,CE,1460.1711154901761,357.3661253410044,33.6424191029556,1.5101752585585988,4.850400753768844,0.21684941098829638,10.852261306532665,1.4897081333155848,0.7480408236205196,9.418954009137366,33.98158788273747,5.278263205441557,3.582440631252384,0.8899280562634576,0.5715388630649098,10.621780965780173
ospf_metric,20,CE,1495.3665504838395,365.61185878382173,33.6966827536685,1.43916691378158,4.856899497487437,0.2072868790005843,11.65326633165829,1.7780668730407538,0.8815146211448648,9.45212010824252,34.19865761231645,4.999800380896673,3.6728958157496976,0.9170817781004318,0.6602982313882191,10.745507348615353
ospf_metric,21,CE,1554.6679822984102,376.3242818630576,33.74078128613719,1.5561946256154418,4.859894472361809,0.22290537692696638,11.502889447236182,2.307630522679331,0.8927600637297644,9.49396178207476,34.364242800804355,5.26414054881062,3.8103557532769914,0.9339261582346483,0.8257802486875084,10.737736551182905
ospf_metric,22,CE,1628.2364231388267,399.51414955158526,33.58668886855631,1.4657838854160268,4.8411507537688445,0.20751932076482588,11.65251256281407,2.251516930689078,0.7988900143702417,9.717343574197683,33.75893006319674,5.074532269975525,4.002278435860184,0.9949162031052071,0.41619323205195585,10.862576649759525
ospf_metric,23,CE,1714.7679809174103,419.6511683516203,33.65712046703344,1.4532950520607322,4.847896984924623,0.20438164645805107,10.97751256281407,1.8660373653757742,0.7880278048920762,9.556373814492849,34.03577753520234,4.918482489295423,4.190482372230585,1.0357488020492818,1.0244217851650512,10.692846868611248
